﻿{"ContextClassName":"LimsContext","DefaultDacpacSchema":null,"IdReplace":false,"IncludeConnectionString":true,"OutputPath":"Contexts","ProjectRootNamespace":"LIMs.UserInterface","SelectedToBeGenerated":0,"Tables":[{"HasPrimaryKey":true,"Name":"dbo.Employee"},{"HasPrimaryKey":true,"Name":"dbo.Laboratory"},{"HasPrimaryKey":true,"Name":"dbo.LabTest"},{"HasPrimaryKey":true,"Name":"dbo.LabTestResultDetail"},{"HasPrimaryKey":true,"Name":"dbo.LabTestResultHeader"},{"HasPrimaryKey":true,"Name":"dbo.Patient"},{"HasPrimaryKey":true,"Name":"dbo.Specimen"},{"HasPrimaryKey":true,"Name":"dbo.testvalue"},{"HasPrimaryKey":true,"Name":"dbo.Trans"}],"UseDatabaseNames":true,"UseFluentApiOnly":true,"UseHandleBars":false,"UseInflector":false}